"MSFT.Open","MSFT.High","MSFT.Low","MSFT.Close","MSFT.Volume","MSFT.Adjusted"
28.05,28.18,27.92,27.98,53443800,25.2
27.94,28.17,27.85,28.09,54405600,25.3
27.9,28.01,27.77,28,58998700,25.22
28.04,28.85,27.86,28.82,88026300,25.96
28.64,28.74,28.25,28.6,73762000,25.76
28.26,28.4,28.04,28.22,57573600,25.42
28.2,28.25,28.05,28.11,50298900,25.32
28.12,28.59,28.07,28.55,52631100,25.71
28.33,28.39,28.01,28.19,67077600,25.39
28.08,28.38,27.91,28.3,62688400,25.49
28.16,28.74,28.14,28.66,53322700,25.81
28.46,28.68,28.27,28.47,50005900,25.64
28.5,28.55,28.13,28.35,58613600,25.53
28.4,28.43,28.02,28.02,58080300,25.24
28.02,28.56,27.99,28.38,52047800,25.56
28.14,28.45,28.12,28.45,42436600,25.62
28.51,28.99,28.5,28.78,74628800,25.92
28.75,29.46,28.49,28.87,146938600,26
28.9,28.93,27.45,27.75,141249400,24.99
27.77,27.9,27.42,27.73,65029000,24.97
27.8,28.06,27.61,27.99,62810700,25.21
27.93,28.11,27.88,27.94,45824000,25.16
27.97,27.97,27.54,27.65,60340100,24.9
27.7,27.84,27.51,27.77,40412200,25.01
27.8,28.34,27.79,28.2,68980900,25.4
28.1,28.34,28.05,28.28,34904200,25.47
28.19,28.26,27.91,27.97,52905100,25.19
27.93,27.94,27.29,27.5,76672400,24.77
27.76,27.81,27.07,27.25,83939700,24.54
27.21,27.27,26.95,27.23,56766200,24.52
27.04,27.33,26.95,26.96,44116500,24.42
27.05,27.07,26.6,27.02,70817900,24.48
26.97,27.37,26.91,27.21,57207300,24.65
27.13,27.21,26.99,27.06,68667800,24.52
26.78,27.1,26.52,26.59,60889000,24.09
26.53,26.86,26.43,26.59,60234100,24.09
26.64,27.06,26.5,26.77,64494200,24.25
26.91,26.95,26.5,26.55,53006300,24.05
26.69,26.86,26.51,26.58,51379900,24.08
26.6,26.78,26.15,26.16,60055000,23.7
26.11,26.37,26.04,26.08,48658200,23.63
26.26,26.4,26.18,26.2,68271500,23.74
26.22,26.24,25.8,25.95,70437200,23.51
26.13,26.27,25.55,25.72,64980400,23.3
25.77,26.02,25.65,25.91,50549800,23.47
25.81,25.98,25.66,25.89,39789100,23.46
25.62,25.71,25.35,25.41,66549500,23.02
25.41,25.85,25.36,25.68,49905800,23.27
25.49,25.76,25.35,25.69,54473400,23.27
25.08,25.47,25,25.39,76067300,23
25.22,25.28,24.68,24.79,100725400,22.46
25.06,25.22,24.75,24.78,62497000,22.45
25.06,25.18,24.8,24.8,85486700,22.47
25.18,25.58,25.15,25.33,46878100,22.95
25.3,25.46,25.23,25.3,30895600,22.92
25.23,25.61,25.18,25.54,43969000,23.14
25.6,25.87,25.5,25.81,38696700,23.38
25.93,25.95,25.59,25.62,57029800,23.21
25.66,25.72,25.38,25.41,48973200,23.02
25.34,25.52,25.3,25.49,40763500,23.09
25.6,25.72,25.5,25.61,41999300,23.2
25.6,25.68,25.34,25.39,63233700,23
25.53,25.53,25.31,25.48,63114200,23.08
25.45,25.66,25.41,25.55,35433700,23.15
25.82,26.18,25.74,25.78,73651100,23.36
25.98,26.31,25.86,26.15,65581400,23.69
26.19,26.26,25.97,26.2,46134700,23.74
26.17,26.28,25.96,26.07,39887600,23.62
26.19,26.25,25.8,25.98,34286300,23.54
25.83,25.85,25.55,25.64,36920400,23.23
25.65,25.87,25.56,25.63,38144700,23.22
25.42,25.44,25.09,25.42,55239900,23.03
25.46,25.56,25.18,25.37,65080400,22.98
25.1,25.28,24.72,25.08,58045100,22.72
25,25.17,24.87,25.15,38892400,22.79
25.54,26,25.51,25.76,61608600,23.34
25.79,25.89,25.36,25.52,46892300,23.12
25.56,25.62,25.34,25.61,33525100,23.2
25.74,26.44,25.67,26.19,69200000,23.73
26.3,26.39,26.13,26.38,52689000,23.9
26.46,26.87,26.4,26.71,80200000,24.2
26.55,26.64,25.36,25.92,319317900,23.48
25.94,26,25.48,25.66,89825600,23.25
25.6,25.85,25.49,25.81,71892900,23.38
25.85,26.25,25.79,26.06,73292300,23.61
26.05,26.08,25.68,25.79,55600000,23.36
26.07,26.22,25.75,25.87,55993000,23.44
25.8,25.96,25.67,25.83,38696400,23.4
25.38,25.85,25.25,25.67,120798700,23.26
25.65,25.66,25.21,25.36,78600000,22.98
25.35,25.39,25.1,25.32,77400000,22.94
25.28,25.32,24.95,25.03,66812300,22.68
24.96,25.07,24.5,24.57,91350900,22.26
24.4,24.7,24.27,24.52,82882100,22.36
24.53,24.74,24.25,24.69,53931100,22.51
24.85,24.88,24.5,24.72,37783600,22.54
24.72,24.87,24.44,24.49,45451500,22.33
24.21,24.25,24.03,24.17,52692500,22.04
24.2,24.29,24.04,24.15,47691800,22.02
24.17,24.31,24.16,24.19,34904200,22.06
24.35,25.03,24.32,24.67,78016600,22.5
24.68,24.9,24.65,24.76,50251000,22.58
24.96,25.06,24.7,25.01,60196300,22.81
24.99,25.1,24.37,24.43,74033500,22.28
24.49,24.65,24.18,24.22,51487800,22.09
24.05,24.14,23.84,23.91,60697700,21.8
23.89,24.25,23.77,24.01,54778700,21.89
24.09,24.17,23.9,24.06,41112600,21.94
23.9,24.02,23.86,23.94,42205000,21.83
24.01,24.04,23.82,23.96,42878700,21.85
24.02,24.02,23.69,23.71,49327200,21.62
23.79,24.19,23.7,24.04,47572500,21.92
24.3,24.45,24.19,24.22,42894500,22.09
24,24.01,23.67,23.74,49410200,21.65
23.75,24.1,23.65,24,57184100,21.89
24.22,24.3,23.98,24.26,83320400,22.12
24.17,24.66,24.16,24.47,54338400,22.31
24.52,24.86,24.4,24.76,49708700,22.58
24.6,24.81,24.59,24.65,44287300,22.48
24.44,24.65,24.2,24.63,59470400,22.46
24.51,24.54,24.19,24.3,101387200,22.16
24.23,25.46,24.23,25.2,92044200,22.98
25.3,25.92,25.16,25.8,81032100,23.53
25.71,25.71,25.36,25.62,66051000,23.36
25.74,26,25.66,26,52535400,23.71
25.93,26.17,25.84,26.02,52906200,23.73
26.1,26.15,25.9,26.03,37805300,23.74
25.97,26.37,25.96,26.33,48744200,24.01
26.49,26.88,26.36,26.77,51946500,24.41
26.54,26.98,26.51,26.92,58320700,24.55
26.62,26.8,26.49,26.63,43999800,24.28
26.55,26.79,26.34,26.54,47319300,24.2
26.6,26.96,26.51,26.63,40861800,24.28
26.62,27.01,26.36,26.47,46382300,24.14
26.47,26.93,26.47,26.78,49132400,24.42
26.63,26.9,26.26,26.59,44501900,24.25
26.81,27.64,26.78,27.54,86730600,25.11
27.28,27.35,26.98,27.06,49795400,24.68
27.04,27.31,26.65,27.1,81737400,24.71
26.86,27.55,26.68,27.53,76380600,25.1
27.26,28.09,27.19,27.91,108482400,25.45
27.82,28.15,27.78,28.08,74636500,25.61
27.88,27.99,27.2,27.33,71488700,24.92
27.29,28.07,27.21,27.72,83761400,25.28
27.52,27.71,27.26,27.4,104394800,24.99
27.51,27.69,26.75,27.27,61838400,24.87
26.98,27.45,26.76,26.8,63883100,24.44
26.83,27,26.48,26.92,64581200,24.55
26.53,26.87,25.93,25.94,92949500,23.65
25.97,26.1,25.23,25.68,112071700,23.42
25.02,25.6,24.39,24.48,134257200,22.32
24.71,25.62,24.03,25.58,126268900,23.33
24.95,25.09,24.1,24.2,127819900,22.07
24.5,25.38,24.4,25.19,90690100,22.97
25.13,25.34,24.65,25.1,64787100,22.89
25.24,25.58,25.15,25.51,56529400,23.26
25.22,25.59,25.05,25.35,54251500,23.26
25.25,25.7,24.93,25.25,50923700,23.17
24.57,25.09,24.03,24.67,105714200,22.64
24.41,24.62,23.91,24.05,77397900,22.07
24.42,24.49,23.79,23.98,54721000,22.01
24.03,24.75,24.03,24.72,59670600,22.68
24.65,24.93,24.42,24.9,45329700,22.85
25.08,25.16,24.5,24.57,48192000,22.55
24.51,25.34,24.42,25.25,71957000,23.17
25.53,25.86,25.37,25.84,38863200,23.71
25.73,26.43,25.7,26.23,57341400,24.07
26.29,26.71,26.26,26.6,59300800,24.41
26.46,26.86,26.21,26.21,60510800,24.05
25.78,26,25.66,25.8,43894400,23.68
25.2,25.59,25.11,25.51,54929300,23.41
25.69,26,25.57,26,41961000,23.86
26,26.66,25.95,26.22,65811900,24.06
26,26.18,25.5,25.74,64529200,23.62
25.44,25.93,25.27,25.89,55046100,23.76
25.92,26.19,25.81,26.04,48792300,23.9
26.17,26.8,25.89,26.5,66739200,24.32
26.73,27.03,26.31,26.99,67808300,24.77
27.05,27.27,26.83,27.12,89681500,24.89
26.8,27.31,26.6,27.21,52324900,24.97
27.31,27.5,26.93,26.98,49211900,24.76
27.05,27.06,25.97,25.99,72750700,23.85
25.3,25.65,24.6,25.06,96278300,23
24.9,25.15,24.69,25.06,64768100,23
25.19,25.52,24.73,25.44,51057600,23.35
25.66,25.92,25.45,25.67,55620700,23.56
25.93,26.37,25.51,25.58,60736200,23.47
25.98,26.17,25.09,25.45,63407300,23.35
25.2,25.5,24.88,24.89,54060500,22.84
24.72,25.34,24.52,24.53,64592500,22.51
24.3,25.39,24.26,25.34,83485400,23.25
25.42,26.16,25.16,25.89,94061300,23.76
25.9,26.4,25.7,26.34,55111400,24.17
26.34,26.51,26.2,26.25,52741600,24.09
26.58,26.97,26.47,26.94,41815300,24.72
26.86,27.07,26.72,27,38826200,24.78
27.18,27.31,26.9,26.96,52489800,24.74
26.76,27.2,26.62,27.18,43823500,24.94
27.31,27.5,27.02,27.27,50947700,25.02
27.11,27.42,26.85,26.98,39453300,24.76
26.94,27.4,26.8,27.31,52487900,25.06
27.37,27.47,27.01,27.13,42880000,24.9
27.26,27.34,26.4,27.04,76300200,24.81
27.15,27.19,26.8,27.16,76620600,24.92
27.06,27.4,27.04,27.19,56897800,24.95
27.08,27.23,26.72,26.81,53554600,24.6
27.03,27.06,26.1,26.59,63029900,24.4
27.13,27.4,26.65,27.25,74512400,25.01
27.14,27.19,26.79,26.98,57712100,24.76
26.76,27,26.62,26.63,46799000,24.44
26.19,26.32,25.86,25.99,61182600,23.85
26.1,26.2,25.7,26.01,53533100,23.87
26.24,26.59,25.98,26.53,65836100,24.35
26.38,26.4,26,26.25,36549200,24.09
26.21,26.82,26.13,26.8,42589700,24.59
27.01,27.2,26.69,27.16,47822500,24.92
26.59,26.75,26.06,26.2,62950900,24.04
26.47,26.5,26.12,26.28,32514400,24.12
26.58,27.08,26.57,26.91,37903000,24.69
26.88,27,26.65,26.76,34199200,24.56
26.56,26.94,26.4,26.74,43874200,24.72
26.47,26.51,26.04,26.07,53262800,24.1
26.01,26.04,25.44,25.54,70977500,23.61
25.48,25.5,25.15,25.3,47626200,23.39
25.24,25.25,24.9,25,61882500,23.11
24.89,24.96,24.65,24.79,49204500,22.92
24.61,24.79,24.47,24.47,49099700,22.62
24.38,24.67,24.3,24.3,26164600,22.47
24.94,24.97,24.69,24.87,46766700,22.99
24.82,25.04,24.75,24.84,40917100,22.97
25.37,25.59,25.14,25.58,81350900,23.65
25.56,25.63,25.2,25.28,48545400,23.37
25.59,25.62,25.16,25.22,52293800,23.32
25.78,25.8,25.5,25.7,56818400,23.76
25.81,25.87,25.61,25.66,46175300,23.72
25.67,25.76,25.34,25.6,62667000,23.67
25.48,25.72,25.37,25.4,60522200,23.48
25.52,25.87,25.5,25.7,53788500,23.76
25.41,25.57,25.29,25.51,38945900,23.59
25.75,26.1,25.65,25.76,54581100,23.82
25.72,25.86,25.57,25.59,47926400,23.66
25.72,25.88,25.54,25.56,46213900,23.63
25.67,26.17,25.63,26,101408100,24.04
26.02,26.12,25.46,25.53,52258300,23.6
25.86,26.1,25.81,26.03,60767600,24.07
26.01,26.19,25.44,25.76,64132500,23.82
25.82,25.86,25.48,25.81,35794100,23.86
25.91,26.04,25.73,26.03,23205800,24.07
25.96,26.14,25.93,26.04,21287200,24.08
26.11,26.15,25.76,25.82,29822500,23.87
25.95,26.05,25.86,26.02,22616900,24.06
26,26.12,25.91,25.96,27395700,24
26.55,26.96,26.39,26.77,64731500,24.75
26.82,27.47,26.78,27.4,80516100,25.33
27.38,27.73,27.29,27.68,56081400,25.59
27.53,28.19,27.53,28.11,99455500,25.99
28.05,28.1,27.72,27.74,59706800,25.65
27.93,28.15,27.75,27.84,60014400,25.74
27.43,27.98,27.37,27.72,65582400,25.63
27.87,28.02,27.65,28,49370800,25.89
27.93,28.25,27.79,28.25,60196100,26.12
28.4,28.65,28.17,28.26,72395300,26.13
28.31,28.4,27.97,28.23,64860600,26.1
28.16,28.44,28.03,28.12,74053500,26
28.82,29.74,28.75,29.71,165902900,27.47
29.55,29.95,29.35,29.73,76078100,27.49
29.47,29.57,29.18,29.34,51703300,27.13
29.07,29.65,29.07,29.56,59231700,27.33
29.61,29.7,29.4,29.5,49102800,27.27
29.45,29.53,29.17,29.23,44187700,27.03
28.97,29.62,28.83,29.61,51114800,27.38
29.66,29.7,29.23,29.53,50572400,27.3
29.79,30.05,29.76,29.89,67409900,27.64
29.9,30.17,29.71,29.95,52223300,27.69
30.14,30.4,30.09,30.24,41838500,27.96
30.04,30.22,29.97,30.2,28039700,27.92
30.15,30.49,30.05,30.35,39242400,28.06
30.26,30.67,30.22,30.66,49659100,28.35
30.68,30.8,30.48,30.77,50481600,28.45
30.64,30.8,30.36,30.5,44605300,28.2
30.63,30.77,30.43,30.58,33319800,28.27
30.33,30.46,29.85,30.25,59644000,28.15
30.33,30.39,30.03,30.05,43311300,27.97
30.31,31.55,30.3,31.29,94705100,29.12
31.2,31.32,30.95,31.25,70036500,29.08
31.18,31.61,31.15,31.44,50829900,29.26
31.45,31.68,31.18,31.27,49253200,29.1
31.2,31.59,31,31.37,35034700,29.19
31.48,31.5,31.24,31.48,35575400,29.3
31.24,31.5,31.1,31.35,34568400,29.18
31.41,31.93,31.38,31.87,45230600,29.66
31.89,32,31.61,31.74,59323600,29.54
31.93,32.39,31.85,32.29,77344100,30.05
32.31,32.44,32,32.08,47314200,29.86
32.01,32.05,31.62,31.8,45240000,29.59
31.54,31.98,31.49,31.56,51932900,29.37
31.67,31.92,31.53,31.84,34340400,29.63
32.04,32.21,31.9,32.01,36747400,29.79
32.1,32.16,31.92,31.99,34628400,29.77
31.97,32.2,31.82,32.04,34073600,29.82
32.24,32.69,32.15,32.67,48951700,30.4
32.53,32.88,32.49,32.77,41986900,30.5
32.79,32.94,32.58,32.85,49068300,30.57
32.91,32.95,32.5,32.6,65626400,30.34
32.54,32.61,32.15,32.2,44789200,29.97
32.1,32.15,31.74,31.99,41566800,29.77
31.96,32.15,31.82,31.91,37928600,29.7
31.81,32.09,31.79,32,31749500,29.78
32.1,32.11,31.72,32.01,35912200,29.79
32.19,32.61,32.15,32.59,36758300,30.33
32.65,32.7,32.4,32.52,36274900,30.26
32.52,32.7,32.04,32.19,41344800,29.96
32.06,32.19,31.81,32.12,37038500,29.89
32.4,32.41,32.04,32.26,31749400,30.02
32.22,32.46,31.95,32.29,35853600,30.05
32.16,32.19,31.66,31.94,42752100,29.73
31.66,31.69,31.05,31.21,49455900,29.05
31.15,31.63,31.05,31.52,50368600,29.33
31.22,31.4,30.97,31.1,31056400,28.94
31.06,31.19,30.3,30.47,54131300,28.36
30.43,30.53,30.23,30.35,43014000,28.25
30.48,31.04,30.42,30.98,38304000,28.83
30.89,31.16,30.72,30.81,39749200,28.67
30.99,31.19,30.77,31.08,38124800,28.92
31.27,31.61,31.2,31.44,34361500,29.26
31.28,31.31,31.04,31.14,40552900,28.98
31.13,31.68,30.94,31.01,54781200,28.86
32.15,32.89,32.05,32.42,106045000,30.17
32.31,32.5,32.03,32.12,61398200,29.89
32.21,32.52,31.83,31.92,40871100,29.71
31.92,32.32,31.87,32.2,62495500,29.97
32.12,32.23,31.92,32.11,40308100,29.88
32.12,32.22,31.88,31.98,41419100,29.76
31.98,32.11,31.92,32.02,35697200,29.8
32.05,32.34,31.95,32.01,43832300,29.79
31.85,31.93,31.64,31.8,37385300,29.59
31.88,31.9,31.61,31.76,31501300,29.56
31.45,31.57,30.92,30.98,57927200,28.83
30.7,30.86,30.57,30.65,48641400,28.52
30.48,30.78,30.17,30.5,46328300,28.39
30.19,30.83,30.1,30.76,50309300,28.63
30.86,31.02,30.45,30.74,43839200,28.61
30.69,31.54,30.69,31.16,43459300,29
30.82,31.04,30.64,30.68,40528900,28.55
30.64,30.8,30.15,30.21,61822800,28.3
30.31,30.32,29.74,29.9,60083700,28.01
29.99,30.21,29.71,29.72,48484000,27.84
29.79,29.81,29.17,29.27,56205300,27.42
29.1,29.79,29.06,29.75,38787900,27.87
29.69,29.88,29.5,29.76,39504900,27.88
29.35,29.4,28.64,29.11,65171000,27.27
29.16,29.3,28.76,29.07,52575000,27.23
29.2,29.36,29.01,29.06,29507200,27.22
29.38,29.72,29.22,29.56,37758800,27.69
29.35,29.48,29.12,29.34,41585500,27.48
29.3,29.42,28.94,29.19,39134000,27.34
28.76,28.96,28.44,28.45,56634300,26.65
28.62,28.78,28.32,28.55,47926300,26.74
28.51,28.75,28.39,28.51,45715400,26.71
28.88,29.37,28.81,29.35,46860500,27.49
29.64,29.7,29.17,29.23,37792800,27.38
29.21,29.68,29.05,29.65,42551100,27.78
29.73,29.81,28.82,28.9,46361900,27.07
29.1,29.3,28.84,29.29,35337900,27.44
29.22,29.44,29.05,29.13,32984600,27.29
29.33,29.46,28.88,29.34,39458900,27.48
29.59,30.08,29.49,30.02,62314400,28.12
29.99,30.03,29.71,29.84,58679900,27.95
30.19,31.11,30.05,30.7,75725800,28.76
30.93,31.05,30.64,30.93,36257100,28.97
30.96,31.14,30.06,30.14,48456600,28.23
30.3,30.73,30.03,30.7,45098100,28.76
30.3,30.32,29.62,29.87,42217200,27.98
30,30.27,29.94,30.02,38421300,28.12
30.19,30.5,30.03,30.17,33781700,28.26
29.98,30.05,29.42,29.91,45328400,28.02
30.45,30.69,30.14,30.59,55227200,28.66
30.62,30.62,30.21,30.56,30589100,28.63
30.23,30.76,30.17,30.76,20938100,28.81
30.59,30.78,30.38,30.7,28801900,28.76
30.61,30.7,29.95,30.19,38294800,28.28
30.12,30.23,29.78,30,30680800,28.1
30.08,30.22,29.51,29.74,37534100,27.86
29.71,29.74,29.11,29.3,39184900,27.45
29.15,29.18,28.54,28.63,63523600,26.82
28.76,29.48,28.72,29.39,39085000,27.53
29.48,29.53,29.04,29.44,27900600,27.58
29.64,29.86,29.2,29.66,33771300,27.78
29.6,30.45,29.46,30.45,41090400,28.52
30.51,30.8,30.38,30.67,46663200,28.73
31,31.05,30.05,30.12,64021700,28.22
29.57,29.58,29.01,29.28,55151900,27.43
29.24,29.36,28.9,29.15,47723300,27.31
29.24,29.33,28.78,28.83,45579500,27.01
29.23,29.5,29.09,29.16,45301400,27.32
29.48,29.85,29.18,29.76,44242600,27.88
29.75,29.82,29.46,29.64,28905000,27.77
29.48,29.71,29.33,29.47,37620900,27.61
29.59,29.65,29.21,29.41,31721800,27.55
29.21,29.53,28.97,29.19,39520500,27.34
29.53,29.94,29.48,29.75,35859400,27.87
30,30.11,29.81,29.95,27471800,28.06
30.07,30.35,29.87,30.26,28002900,28.35
30.21,30.47,30.11,30.33,26257600,28.41
30.39,30.65,30.3,30.5,24920800,28.57
30.5,30.62,30.25,30.42,27810300,28.5
30.35,30.46,30.16,30.39,23049100,28.47
30.3,30.39,30.01,30.13,34551400,28.41
30.11,30.28,30.02,30.2,24351000,28.48
30.36,30.94,30.26,30.78,35787200,29.02
30.92,30.92,30.59,30.9,32589900,29.14
30.82,30.85,30.58,30.74,23737700,28.99
30.76,30.96,30.61,30.8,28822700,29.04
30.59,30.76,30.47,30.54,33437400,28.8
30.39,30.4,30.08,30.26,28355600,28.53
30.25,30.63,30.18,30.56,22943300,28.82
30.93,30.96,30.59,30.69,34691100,28.94
30.7,30.8,30.52,30.63,23947900,28.88
30.65,30.75,30.44,30.65,23346800,28.9
30.53,30.61,30.22,30.32,23982100,28.59
30.6,30.96,30.38,30.82,36590100,29.06
30.45,30.66,30.15,30.39,48556700,28.66
30.22,30.53,30.21,30.39,33650000,28.66
30.5,31.36,30.46,31.35,48371700,29.56
31.04,31.07,30.73,30.95,42649100,29.18
30.83,30.9,30.51,30.72,40524000,28.97
30.69,30.91,30.61,30.79,25191800,29.03
30.94,31.18,30.73,30.78,32775800,29.02
30.89,31.18,30.4,30.94,45047300,29.18
31.01,31.25,30.81,31.21,51422800,29.43
31.19,31.26,31.04,31.21,36488500,29.43
31.1,31.21,31.03,31.18,34542700,29.4
31.09,31.19,31.04,31.05,48871900,29.28
30.95,31.48,30.91,31.45,45543000,29.66
31.43,31.61,31.09,31.19,102348900,29.41
31,31.07,30.64,30.78,46825900,29.02
30.95,31,30.36,30.39,54266400,28.66
30.28,30.6,30.04,30.17,54672000,28.45
30.17,30.4,29.89,30.16,47129900,28.44
30.18,30.26,29.74,29.76,54229300,28.06
29.81,29.98,29.42,29.49,54042700,27.81
29.68,29.89,29.5,29.66,43338900,27.97
29.75,29.99,29.67,29.86,46655900,28.16
29.97,30.03,29.57,30.03,43634900,28.32
30.23,30.25,29.74,29.85,41133900,28.15
29.64,29.92,29.55,29.78,29752000,28.08
29.68,29.74,29.18,29.28,45121100,27.61
29.15,29.31,28.95,28.98,47227100,27.33
29.22,29.25,28.87,28.95,41488500,27.3
28.97,29.32,28.8,29.2,46464700,27.53
29.37,29.72,29.25,29.51,42440200,27.83
29.45,29.74,29.32,29.49,47739400,27.81
29.3,29.64,29.09,29.59,44206100,27.9
29.65,29.73,29.26,29.5,59238500,27.82
29.05,29.08,28.5,28.64,90470800,27.01
28.73,28.83,27.83,28,83374000,26.4
27.77,28.2,27.76,28.05,64414800,26.45
28.16,28.2,27.87,27.9,53320400,26.31
28.19,28.2,27.86,27.88,54084300,26.29
27.86,28.34,27.84,28.21,57790000,26.6
28.55,28.88,28.5,28.54,69464100,26.91
28.84,29.56,28.82,29.52,72047900,27.84
29.59,29.77,29.33,29.5,57131600,27.82
29.62,29.74,29.33,29.63,38070800,27.94
29.82,30.2,29.61,29.86,43401500,28.16
29.53,29.83,29.05,29.08,57871800,27.42
29.12,29.37,28.8,28.81,49841800,27.17
28.88,29.19,28.81,28.83,43291200,27.19
28.94,29.01,28.21,28.22,61112300,26.61
27.02,27.3,26.75,27.09,131689200,25.75
27.24,27.29,26.8,26.84,76086100,25.52
26.88,26.97,26.63,26.66,50955600,25.35
26.67,26.7,26.34,26.52,64083300,25.21
26.8,26.8,26.47,26.73,57179300,25.41
26.76,26.8,26.46,26.71,47070400,25.39
26.71,27.17,26.67,26.95,66360300,25.62
27.23,27.77,27.2,27.7,57845700,26.33
27.54,27.58,27.17,27.39,85198700,26.04
27.36,27.38,27.04,27.08,45018600,25.75
27.01,27.39,26.77,27.36,53018400,26.01
27.11,27.36,26.86,26.95,69551400,25.62
27.05,27.13,26.49,26.62,83690200,25.31
26.78,26.82,26.4,26.43,53173800,25.13
26.5,26.63,26.34,26.37,49777500,25.07
26.38,26.93,26.26,26.67,68283800,25.36
26.81,26.98,26.61,26.73,39182300,25.41
26.82,26.82,26.37,26.46,46162100,25.16
26.56,26.97,26.52,26.94,47031100,25.61
27.05,27.49,27.05,27.32,52282800,25.97
27.53,27.62,27.08,27.24,43966300,25.9
27.32,27.52,26.95,27.11,45080100,25.77
27.11,27.13,26.7,26.81,42077500,25.49
26.79,27.22,26.68,27.1,42046100,25.76
27.25,27.63,27.14,27.56,50486900,26.2
27.69,27.73,27.25,27.31,53519900,25.96
27.36,27.68,27.15,27.68,52607300,26.32
27.45,27.49,27,27.45,98776500,26.1
27.2,27.25,27,27.06,20842400,25.73
27.03,27.2,26.7,26.86,31631100,25.54
26.89,27.09,26.57,26.96,39394000,25.63
26.71,26.9,26.55,26.55,28239900,25.24
26.59,26.77,26.37,26.71,42749500,25.39
27.25,27.73,27.15,27.62,52899300,26.26
27.63,27.65,27.16,27.25,48294400,25.91
27.27,27.34,26.73,26.74,52521100,25.42
26.77,26.88,26.64,26.69,37110400,25.37
26.75,26.79,26.46,26.55,44703100,25.24
26.72,26.75,26.56,26.7,49047900,25.38
26.65,26.98,26.29,26.46,71431300,25.16
26.49,26.93,26.28,26.83,55512100,25.51
26.9,27.08,26.76,26.89,48324400,25.56
26.83,27.29,26.83,27.21,48244500,25.87
27.15,27.23,27.01,27.04,41077400,25.71
27.19,27.47,27.06,27.25,51685900,25.91
27.1,27.29,27.04,27.25,52167700,25.91
27.3,27.45,27,27.15,58650600,25.81
27.2,27.64,27.2,27.61,50387700,26.25
27.7,28.07,27.47,27.63,101739300,26.27
27.58,28.23,27.39,27.88,81847700,26.51
28.01,28.23,27.76,27.91,56056500,26.53
27.82,28.13,27.6,28.01,49242600,26.63
28.01,28.19,27.76,27.85,43580500,26.48
27.79,27.97,27.4,27.45,50530000,26.1
27.67,28.05,27.55,27.93,55565900,26.55
27.87,28.02,27.42,27.44,50540000,26.09
27.62,27.66,27.36,27.5,35410400,26.14
27.38,27.54,27.25,27.34,41889600,25.99
27.35,27.39,27.1,27.28,38028300,25.94
27.35,27.71,27.31,27.55,33318500,26.19
27.65,27.92,27.5,27.86,32247700,26.49
27.88,28,27.75,27.88,35990900,26.51
27.93,28.11,27.88,28.03,41715600,26.65
27.92,28.06,27.87,28.04,32663200,26.66
28.04,28.16,27.88,28.01,49650900,26.63
27.88,28.09,27.8,28.05,38781400,26.89
28.13,28.2,27.83,27.87,44110200,26.72
27.74,27.74,27.23,27.49,49078500,26.35
27.68,27.76,27.48,27.76,31425900,26.61
27.97,28.05,27.37,27.37,48011800,26.24
27.38,27.6,27.34,27.37,49923300,26.24
27.42,28,27.33,27.81,36394700,26.66
27.88,27.97,27.74,27.8,35840200,26.65
27.72,27.98,27.52,27.95,34849700,26.79
27.85,28.15,27.7,28.15,38157500,26.98
28.29,28.54,28.16,28.35,41432200,27.18
28.21,28.23,27.78,28.09,51448500,26.93
28.11,28.28,28.01,28.14,29196700,26.97
28.25,28.33,27.96,28,37667800,26.84
27.94,27.97,27.67,27.87,36627500,26.72
27.84,27.95,27.64,27.91,39255200,26.75
27.87,28.02,27.75,27.92,29093400,26.76
28,28.16,27.93,28.14,55914800,26.97
28.03,28.16,27.98,28.04,92710300,26.88
27.88,28.28,27.81,28.1,44809400,26.94
28.12,28.22,28.03,28.18,51901600,27.01
28.34,28.49,28.18,28.32,35447800,27.15
28.11,28.36,28.05,28.11,34233200,26.95
28.19,28.34,28.1,28.25,28720900,27.08
28.3,28.35,27.96,28.16,44154000,26.99
28.24,28.34,28.11,28.16,27824300,26.99
28.14,28.45,28.08,28.37,36047400,27.2
28.32,28.66,28.26,28.61,55453800,27.43
28.64,28.66,28.36,28.61,29201100,27.43
28.59,28.85,28.52,28.8,28456500,27.61
28.75,28.95,28.54,28.56,35062800,27.38
28.39,28.61,28.27,28.6,45263200,27.42
28.22,28.78,28.11,28.7,50927300,27.51
28.73,28.73,28.47,28.59,34759500,27.41
28.73,29.82,28.68,29.61,77733800,28.38
29.57,30.32,29.52,30.28,71116700,29.03
29.1,29.2,28.73,28.94,130923200,27.74
28.85,29.02,28.66,28.79,62886300,27.6
28.65,28.98,28.51,28.69,56332900,27.5
28.9,29.14,28.7,28.97,52797300,27.77
28.85,29.04,28.6,28.83,52840700,27.64
28.95,28.98,28.5,28.79,56906600,27.6
29.62,30.24,29.61,29.77,99790700,28.54
30.3,31.18,30.27,30.83,137904000,29.55
30.7,30.9,30.38,30.6,59126900,29.33
30.62,31.92,30.6,31.76,90946600,30.44
31.71,32.84,31.54,31.94,110700200,30.62
31.9,31.98,31.45,31.79,47799300,30.47
31.8,32.68,31.77,32.61,59116400,31.26
32.56,33.11,32.28,33.1,75165200,31.73
32.93,33.08,32.6,32.72,54330900,31.37
32.63,33.17,32.39,33.16,46059500,31.79
33.23,33.52,33.08,33.49,46784600,32.1
33.42,33.91,33.25,33.75,40978300,32.35
33.65,33.79,33.24,33.31,43078300,31.93
33.07,33.24,32.65,32.99,51595700,31.62
32.85,33,32.59,32.66,46417800,31.31
32.67,32.72,32.32,32.69,36394900,31.34
32.61,33.07,32.55,33.03,36027600,31.66
32.86,33.53,32.8,33.53,56870100,32.37
33.45,33.9,33.43,33.85,46303900,32.68
33.64,34.15,33.55,34.08,59382900,32.9
34.13,34.87,34.1,34.87,60666700,33.66
34.73,35.1,34.68,35.08,54020800,33.86
35.1,35.27,34.72,34.85,48702400,33.64
34.79,34.84,34.36,34.61,66047500,33.41
34.23,34.55,33.9,34.15,51102700,32.97
33.92,34.28,33.9,34.27,33174400,33.08
34.42,35.18,34.41,35.02,48212100,33.81
34.74,35.02,34.57,34.88,38412200,33.67
34.85,35.25,34.81,35.03,51131000,33.81
34.82,35.28,34.79,34.9,56165700,33.69
34.92,35.63,34.83,35.59,51252600,34.36
35.62,35.74,34.77,34.99,65529500,33.78
34.6,34.89,34.43,34.78,46025100,33.57
34.84,35.11,34.49,34.96,37618500,33.75
35.25,35.78,35.06,35.67,40757300,34.43
35.51,35.65,35.14,35.47,35994500,34.24
35.05,35.18,34.68,34.84,39435900,33.63
35.14,35.27,34.85,35,37372700,33.79
34.99,35.02,34.59,34.72,45654900,33.52
34.55,34.69,34.25,34.4,53192600,33.21
34.69,35.16,34.63,35,49670100,33.79
34.97,35.17,34.9,34.98,28616500,33.77
34.96,35.09,34.59,34.59,30816200,33.39
34.26,34.33,33.37,33.49,54493700,32.33
33.66,33.73,33.05,33.27,85338500,32.12
32.94,34.2,32.57,33.72,56109000,32.55
34.08,34.38,33.46,33.67,44073400,32.5
34.12,34.48,33.89,34.35,48665900,33.16
34.52,34.78,34.5,34.62,28993100,33.42
34.38,34.79,34.34,34.54,65545500,33.34
34.75,34.99,34.33,34.36,31055400,33.17
34.41,34.44,33.63,33.94,37630000,32.76
33.66,34.37,33.6,34.01,15994400,32.83
34.09,34.24,33.58,34.21,26085900,33.02
34.35,34.59,33.98,34.33,32396900,33.14
34.58,34.6,34.14,34.35,25318500,33.16
34.34,34.81,34.32,34.7,29658800,33.5
35,35.77,34.9,35.69,53638300,34.45
35.58,35.73,35.28,35.67,35501200,34.43
35.66,36.22,35.58,36.17,34142600,34.92
36.01,36.43,35.96,36.27,36378500,35.01
36.34,36.39,35.49,35.74,37285100,34.5
35.72,35.89,35.22,35.44,49547100,34.21
32.4,32.67,31.02,31.4,248428500,30.31
31.7,32.01,31.6,32.01,79040700,30.9
31.91,32.04,31.71,31.82,65810400,30.72
32.04,32.19,31.89,31.96,52803100,30.85
31.62,31.65,31.25,31.39,63213000,30.3
31.26,31.62,31.21,31.62,38633600,30.52
31.47,31.6,31.4,31.54,28870700,30.45
31.78,32.12,31.55,31.85,45799500,30.75
31.97,32.05,31.71,31.84,43898400,30.74
32.06,32.09,31.6,31.67,42557900,30.57
31.69,31.9,31.57,31.89,29199900,30.78
31.9,32,31.64,31.7,30984000,30.6
31.55,31.67,31.38,31.58,36331500,30.48
31.54,32.1,31.25,32.06,38078600,30.95
32.24,33.07,32.05,32.89,59034400,31.75
32.77,32.9,32.47,32.7,26800700,31.57
32.46,32.97,32.46,32.87,25493700,31.73
32.51,32.55,32.21,32.23,39464100,31.33
32.14,33.36,31.7,32.35,48519600,31.45
32,32.18,30.84,31.79,33338000,30.9
31.79,31.99,31.66,31.8,32866300,30.91
31.76,31.97,31.38,31.39,27902500,30.51
31.44,31.9,31.37,31.62,22979600,30.74
31.61,32.01,31.54,31.61,37409100,30.73
32.19,32.49,32.1,32.39,31169900,31.49
35.17,35.2,34,34.75,225493800,33.78
34.4,34.67,34.03,34.15,72786800,33.2
33.52,34.1,33.15,33.26,58522300,32.33
33.39,33.6,33,33.02,44257400,32.1
32.93,33.6,32.8,33.55,45284700,32.61
33.37,33.48,33.09,33.4,42790200,32.47
31.75,32.07,31.29,31.88,154507000,30.99
31.39,31.47,31.11,31.2,142320600,30.33
31.1,31.44,30.95,31.23,71644900,30.36
31.31,31.39,31.13,31.15,75434900,30.28
31.22,31.79,31.2,31.66,49628500,30.78
31.9,32.4,31.79,32.39,56881200,31.49
32.57,32.93,32.53,32.74,39087500,31.83
32.72,32.78,32.59,32.69,32860200,31.78
32.77,33.07,32.51,33.03,40899000,32.11
33.38,33.5,32.73,32.8,52839700,31.89
33.42,33.47,32.9,32.93,84716500,32.01
32.99,33.4,32.83,33.32,64099900,32.39
33.48,33.68,33.32,33.64,42026600,32.7
33.41,33.48,32.69,32.79,102904900,31.88
32.54,32.97,32.5,32.74,39826100,31.83
32.87,32.87,32.15,32.45,40685000,31.55
32.49,32.8,32.4,32.51,28907500,31.6
32.64,33,32.59,32.77,28504000,31.86
32.88,33.75,32.87,33.27,55348000,32.34
33,33.31,32.7,33.28,39839500,32.35
33.35,33.61,33.3,33.58,36718700,32.64
33.36,34.03,33.29,33.92,46946800,32.97
33.88,34,33.42,33.86,38703800,32.92
33.69,33.99,33.62,33.88,33008100,32.94
33.6,33.71,33.2,33.3,35069300,32.37
33.31,33.33,32.8,33.01,41017600,32.09
33.07,33.35,32.96,33.07,35878600,32.15
33.31,33.89,33.26,33.76,42875100,32.82
33.68,34.14,33.68,34.13,30033300,33.18
33.9,34.5,33.78,34.45,27757900,33.49
34.67,34.99,34.47,34.49,47097800,33.53
34.6,34.9,34.56,34.64,35111600,33.67
34.45,34.99,34.37,34.92,31359200,33.95
34.82,34.99,34.33,34.96,41811700,33.99
34.98,35.2,34.91,34.99,27433500,34.01
35.02,35.1,34.52,34.58,40438500,33.62
34.35,34.49,33.67,33.76,58600500,32.82
33.82,34.1,33.57,33.72,53209700,32.78
35.88,36.29,35.47,35.73,113494000,34.73
35.61,35.73,35.27,35.57,38383600,34.58
35.63,35.72,35.26,35.52,31702200,34.53
35.53,35.79,35.43,35.54,36997700,34.55
35.66,35.69,35.34,35.41,41682300,34.42
35.67,35.69,35.39,35.53,40264600,34.54
35.59,35.98,35.55,35.94,28060700,34.94
35.79,36.71,35.77,36.64,51681900,35.62
37.24,38.22,37.06,38.18,88948800,37.12
37.96,38.01,37.43,37.5,60437400,36.45
37.67,37.78,37.34,37.78,36737800,36.73
37.69,37.78,37.35,37.59,26872500,36.54
37.38,37.6,37.2,37.36,31651600,36.32
36.98,38.16,36.9,38.16,44957600,37.1
37.87,38.13,37.72,38.02,46183700,36.96
37.95,38.02,37.72,37.84,50601300,36.78
37.35,37.58,37.07,37.2,53277500,36.16
36.85,37.23,36.67,36.74,44275000,35.99
36.92,37.41,36.86,37.08,32229900,36.32
37.27,37.53,37.26,37.4,23064700,36.63
37.53,37.68,37.33,37.57,27982000,36.8
37.93,37.95,37.57,37.64,30646800,36.87
37.57,37.65,37.35,37.35,34465300,36.58
37.57,37.76,37.49,37.6,26002100,36.83
37.82,38.29,37.82,38.13,22090400,37.35
38.09,38.78,38.06,38.45,42950400,37.66
38.14,38.49,38.08,38.31,52109800,37.52
38.21,38.98,38.12,38.94,51983600,38.14
38.85,38.88,37.18,38,116305000,37.22
38.42,38.55,37.99,38.36,36457300,37.57
38.56,38.87,38.37,38.71,30286000,37.92
38.61,38.9,38.02,38.11,37828600,37.33
38.06,38.3,37.39,37.61,39853400,36.84
37.64,37.64,37.18,37.22,36012800,36.46
37.42,37.45,36.62,36.69,40066100,35.94
36.73,37,36.54,36.89,31734200,36.13
36.94,37.11,36.33,36.52,45687700,35.77
36.36,36.6,35.53,36.58,63192100,35.83
36.51,36.55,36.08,36.25,34160100,35.51
36.2,36.93,36.19,36.8,62649100,36.05
36.81,36.89,36.55,36.62,25128700,35.87
36.72,37.17,36.64,37.08,14243000,36.32
37.2,37.49,37.17,37.44,17612800,36.67
37.58,37.62,37.17,37.29,14563000,36.53
37.22,37.38,36.9,37.29,16290500,36.53
37.4,37.58,37.22,37.41,17503500,36.64
37.35,37.4,37.1,37.16,30632200,36.4
37.2,37.22,36.6,36.91,31134800,36.15
36.85,36.89,36.11,36.13,43603700,35.39
36.33,36.49,36.21,36.41,35802800,35.66
36,36.14,35.58,35.76,59971700,35.03
35.88,35.91,35.4,35.53,36516300,34.8
35.9,36.15,35.75,36.04,40548800,35.3
35.99,36.02,34.83,34.98,45901900,34.26
34.73,35.88,34.63,35.78,41623300,35.05
35.9,36.79,35.85,36.76,44812600,36.01
36.69,37,36.31,36.89,38018700,36.13
36.83,36.83,36.15,36.38,46267500,35.63
36.82,36.82,36.06,36.17,31567300,35.43
36.26,36.32,35.75,35.93,21904300,35.19
36.09,36.13,35.52,36.06,43954000,35.32
37.45,37.55,36.53,36.81,76395500,36.05
36.87,36.89,35.98,36.03,44420800,35.29
36.12,36.39,35.75,36.27,36205500,35.53
35.98,36.88,35.9,36.66,52745900,35.91
36.79,36.88,36.23,36.86,35036300,36.1
36.95,37.89,36.56,37.84,93162300,37.06
37.74,37.99,36.43,36.48,64063100,35.73
36.97,37.19,36.25,36.35,54697900,35.6
36.29,36.47,35.8,35.82,55814400,35.09
35.8,36.25,35.69,36.18,35351800,35.44
36.32,36.59,36.01,36.56,33260500,35.81
36.63,36.8,36.29,36.8,26767000,36.05
36.88,37.26,36.86,37.17,32141400,36.41
37.35,37.6,37.3,37.47,27051800,36.7
37.33,37.86,37.33,37.61,37635500,36.84
37.39,37.78,37.33,37.62,31407500,36.85
37.63,37.78,37.41,37.42,32834000,36.93
37.22,37.75,37.21,37.51,29750400,37.02
37.57,37.87,37.4,37.75,27526100,37.25
37.94,38.35,37.86,37.98,38021300,37.48
37.69,37.98,37.54,37.69,32085100,37.19
37.61,37.85,37.35,37.54,30736500,37.05
37.58,37.74,37.19,37.47,41041800,36.98
37.45,37.89,37.23,37.86,33903400,37.36
37.98,38.46,37.82,38.31,41215000,37.81
37.92,38.13,37.49,37.78,29717500,37.28
38.2,38.48,38.07,38.41,26802400,37.9
38.25,38.27,37.93,38.11,20520100,37.61
38.14,38.24,37.89,38.15,23582200,37.65
38.28,38.36,37.69,37.9,26591600,37.4
37.99,38.01,37.72,37.82,19006600,37.32
37.87,38.23,37.72,38.02,25216400,37.52
37.8,38.43,37.79,38.27,30494100,37.77
38.42,38.45,37.64,37.89,32169700,37.39
37.65,38.14,37.51,37.7,27195600,37.2
37.9,38.41,37.79,38.05,20479600,37.55
38.26,39.9,38.22,39.55,64063900,39.03
39.47,39.55,38.91,39.27,35597200,38.75
39.25,40.65,39.24,40.33,59269800,39.8
40.72,40.94,40.01,40.16,80721800,39.63
40.34,40.64,39.86,40.5,46098400,39.97
40.66,40.99,39.96,40.34,43193100,39.81
40.48,40.71,39.6,39.79,41977500,39.27
39.74,39.97,39.34,39.36,35369200,38.84
39.79,40.64,39.68,40.3,43472700,39.77
40.43,41.5,40.4,40.99,46886300,40.45
41.15,41.59,41.07,41.42,32605000,40.87
41.44,41.66,41.17,41.35,28666700,40.81
41.29,41.29,40.71,41.01,30139600,40.47
41.25,41.39,39.64,39.87,51409600,39.34
39.96,40.27,39.74,39.8,37559600,39.28
39.75,39.93,39.2,39.82,35918600,39.3
39.93,40.55,39.88,40.47,27398700,39.94
40.44,40.69,39.09,39.36,45960800,38.84
39,39.79,39,39.21,34330200,38.69
39.11,39.41,38.9,39.18,32006600,38.66
39.34,39.96,39.05,39.75,33968700,39.23
40.06,40.42,39.91,40.4,30615800,39.87
40.01,40.2,39.51,40.01,36689400,39.48
40.13,40.15,39.79,39.94,22221200,39.41
39.96,40.14,39.83,39.99,27056700,39.46
39.99,39.99,39.47,39.69,24602800,39.17
39.74,39.97,39.3,39.86,42381600,39.34
40.29,40.68,39.75,39.91,56876800,39.38
40.14,41.29,40.09,40.87,50610200,40.33
41.1,41.19,40.39,40.51,29636200,39.98
40.4,40.5,40.17,40.4,35458700,39.87
40.24,40.36,39.95,40,28787400,39.47
40.31,40.34,39.66,39.69,43416600,39.17
39.52,39.64,39.3,39.43,22460900,38.91
39.29,39.35,38.95,39.06,27112400,38.55
39.22,39.51,38.51,39.42,41744500,38.9
39.34,39.9,38.97,39.64,32120400,39.12
39.54,39.85,39.37,39.54,29647600,39.02
39.74,40.02,39.65,39.97,22782600,39.44
39.92,40.5,39.85,40.42,27004800,40.17
40.3,40.45,40.05,40.24,18818700,39.99
40.09,40.4,39.51,39.6,37793200,39.35
39.67,39.84,39.27,39.83,29867100,39.58
39.61,39.82,39.46,39.75,24537400,39.5
39.68,39.94,39.46,39.68,21320900,39.43
39.8,40.35,39.74,40.35,22398700,40.1
40.29,40.35,39.85,40.1,20201800,39.85
40.37,40.37,40,40.12,18020000,39.87
40.26,40.26,39.81,40.19,26160600,39.94
40.14,40.19,39.82,40.01,25711500,39.76
40.15,40.35,39.91,40.34,19888200,40.09
40.45,40.97,40.25,40.94,34567600,40.69
40.95,41.09,40.68,40.79,18504300,40.54
40.6,40.68,40.25,40.29,18068900,40.04
40.21,40.37,39.86,40.32,23209000,40.07
40.59,41.25,40.4,41.21,31865200,40.95
41.48,41.66,41.24,41.48,24060500,41.22
41.39,41.48,41.02,41.27,15019200,41.01
41.03,41.16,40.86,41.11,15117700,40.85
40.93,41.07,40.77,40.86,18040000,40.61
40.81,40.88,40.29,40.58,29818900,40.33
41.1,41.57,40.86,41.23,26310000,40.97
41.04,41.61,41.04,41.5,24205300,41.24
41.29,41.91,40.34,41.68,22518600,41.42
41.61,41.74,41.18,41.65,27097000,41.39
41.57,41.77,41.33,41.51,19828200,41.25
41.45,41.83,41.38,41.68,47764900,41.42
41.73,42,41.69,41.99,18743900,41.73
41.83,41.94,41.56,41.75,26509100,41.49
41.7,42.05,41.46,42.03,20049100,41.77
41.93,41.94,41.43,41.72,23604400,41.46
41.61,42.29,41.51,42.25,74640000,41.99
42.17,42.21,41.7,41.7,30805500,41.44
41.86,42.15,41.69,41.87,26917000,41.61
41.73,41.9,41.53,41.9,20208100,41.64
41.91,41.99,41.56,41.8,15969300,41.54
41.75,42.12,41.71,41.99,21952400,41.73
41.87,42,41.61,41.78,31218200,41.52
41.98,41.99,41.53,41.67,18445900,41.41
41.37,42,41.05,41.69,21854700,41.43
41.7,42.09,41.48,42.09,24083000,41.83
42.22,42.45,42.04,42.14,21881100,41.88
42.33,42.47,42.03,42.45,28748700,42.19
42.51,44.31,42.48,44.08,63318000,43.81
45.45,45.71,44.25,44.53,82180300,44.25
44.65,44.84,44.25,44.69,43407500,44.41
44.56,45.16,44.22,44.84,37604400,44.56
45,45.15,44.59,44.83,43095800,44.55
45.45,45.45,44.62,44.87,52362900,44.59
44.93,45,44.32,44.4,30725300,44.12
44.3,44.66,44.3,44.5,26737700,44.22
44.36,44.51,43.93,43.97,29684200,43.7
43.91,44.09,43.64,43.89,27763100,43.62
44.07,44.1,43.29,43.58,31921400,43.31
43.38,43.69,43.08,43.16,31537500,42.89
43.21,43.25,42.6,42.86,31170300,42.59
42.97,43.47,42.81,43.37,34277400,43.1
43.31,43.46,42.83,43.08,26266400,42.81
42.74,43.17,42.21,42.74,24634000,42.47
42.84,43.45,42.65,43.23,30314900,42.96
43.23,43.32,42.91,43.2,28942700,42.93
43.26,43.45,43.02,43.2,20351600,42.93
43.04,43.59,43,43.52,21431100,43.25
43.68,44.18,43.52,44.08,22889500,43.81
44.08,44.42,44.01,44.27,19313200,44
44.58,44.9,44.4,44.79,41611300,44.51
44.94,45.11,44.68,45.11,26891100,44.83
44.97,45.34,44.83,45.33,28115600,45.33
45.34,45.4,44.9,44.95,24750700,44.95
44.84,45.25,44.83,45.22,22272000,45.22
45.35,45.47,45.07,45.15,18294500,45.15
45.4,45.44,45.04,45.17,16898100,45.17
45.31,45.4,44.94,45.01,14873100,45.01
44.9,45,44.76,44.87,20823000,44.87
44.75,44.98,44.61,44.88,17657600,44.88
45.09,45.44,44.86,45.43,21607600,45.43
45.43,45.46,44.85,45.09,22956800,45.09
44.53,45.11,44.53,44.96,33684500,44.96
44.74,45.27,44.72,45.26,26475500,45.26
45.11,45.93,45.11,45.91,36882700,45.91
46.02,46.8,45.99,46.47,45719000,46.47
46.47,46.97,46.42,46.76,40255500,46.76
46.82,46.94,46.28,46.84,27302400,46.84
46.74,47,46.47,47,29216400,47
46.91,47.02,46.6,46.7,38244700,46.7
46.54,46.71,46.1,46.24,37630700,46.24
46.39,46.85,46.29,46.76,27865200,46.76
46.26,46.69,46.23,46.52,38249200,46.52
46.59,46.83,46.46,46.68,35533100,46.68
46.81,47.57,46.6,47.52,202522400,47.52
47.3,47.38,46.98,47.06,38655900,47.06
46.85,46.98,46.47,46.56,33430300,46.56
46.63,47.11,46.34,47.08,26534000,47.08
46.88,47.09,46.03,46.04,33011200,46.04
45.93,46.62,45.76,46.41,27051400,46.41
45.98,46.56,45.76,46.44,26057800,46.44
46.37,46.48,46.01,46.36,32997600,46.36
46.27,46.53,45.85,45.9,38050500,45.9
45.83,46.1,45.64,45.76,25119400,45.76
45.98,46.3,45.61,46.09,32453200,46.09
46.12,46.3,45.92,46.09,20535900,46.09
45.86,45.93,45.42,45.53,25723700,45.53
45.48,46.89,45.34,46.78,32996500,46.78
46.5,46.8,45.74,45.85,34422800,45.85
45.6,46.12,43.95,44.03,51878600,44.03
43.82,44.56,43.49,43.65,37040400,43.65
43.87,44.38,43.56,43.73,38115700,43.73
43,43.39,42.1,43.22,60218700,43.22
42.53,43.08,42.22,42.74,49040400,42.74
43.2,43.94,42.79,43.63,40664200,43.63
43.06,44.14,42.81,44.08,34527900,44.08
44.36,44.98,44.19,44.88,36386300,44.88
45,45.07,44.23,44.38,33570900,44.38
44.62,45.45,44.53,45.02,45311700,45.02
46.83,46.9,45.18,46.13,61076700,46.13
45.71,46.1,45.71,45.91,30320700,45.91
45.86,46.5,45.77,46.49,29024600,46.49
46.44,46.7,46.34,46.62,30276100,46.62
46.32,46.32,45.77,46.05,30043400,46.05
